"","Dates","Day","Name","Attribute1","Attribute2"
"829",2016-01-01,"Friday","Barry",0.652481507323944,1.97729648411145
"185",2016-01-01,"Friday","Jack",0.697684073336131,2.01048087178556
"93",2016-01-01,"Friday","Joe",0.745616108080506,2.08086192728463
"461",2016-01-01,"Friday","Sam",0.673117060939743,1.87994539638105
"553",2016-01-01,"Friday","Luke",0.645189893352401,1.92454862512188
"645",2016-01-01,"Friday","Simon",0.755925374554187,1.8409296960746
"1",2016-01-01,"Friday","Billy",0.639646712530729,2.17059640072401
"369",2016-01-01,"Friday","Bob",0.768707238136401,1.89211065009385
"737",2016-01-01,"Friday","Brendan",0.729911662072284,1.78940685691571
"277",2016-01-01,"Friday","Fred",0.642942290258122,1.99318884261335
"278",2016-01-02,"Saturday","Fred",0.765566425019956,2.88519880881633
"554",2016-01-02,"Saturday","Luke",0.840222027887726,2.78390475558304
"830",2016-01-02,"Saturday","Barry",0.712142601240233,3.22811101949753
"94",2016-01-02,"Saturday","Joe",0.899186610034219,3.09865806139546
"462",2016-01-02,"Saturday","Sam",0.779436543404408,2.9562305033626
"186",2016-01-02,"Saturday","Jack",0.912592090006344,2.91971620266485
"2",2016-01-02,"Saturday","Billy",0.813871462105533,3.10015132523634
"738",2016-01-02,"Saturday","Brendan",0.758026567892613,2.93537416398776
"646",2016-01-02,"Saturday","Simon",0.853026489407691,3.07093984696494
"370",2016-01-02,"Saturday","Bob",0.785013975406247,2.99814378600489
"463",2016-01-03,"Sunday","Sam",0.419117416898806,3.21463814818245
"831",2016-01-03,"Sunday","Barry",0.382001967454241,3.39037472165938
"647",2016-01-03,"Sunday","Simon",0.428006838678614,3.34493267962971
"279",2016-01-03,"Sunday","Fred",0.408509890907606,3.18847555198708
"555",2016-01-03,"Sunday","Luke",0.432832205996735,3.15705383196996
"187",2016-01-03,"Sunday","Jack",0.369598313569515,3.22303749641637
"3",2016-01-03,"Sunday","Billy",0.454222058834153,3.15044165569985
"371",2016-01-03,"Sunday","Bob",0.404881757211262,3.17673843143213
"95",2016-01-03,"Sunday","Joe",0.458455425700681,3.19938292039093
"739",2016-01-03,"Sunday","Brendan",0.352228746997633,3.29867934263195
"372",2016-01-04,"Monday","Bob",0.419059401436186,3.21562935425142
"4",2016-01-04,"Monday","Billy",0.282715114868533,3.23555502969998
"556",2016-01-04,"Monday","Luke",0.371598466132773,3.14508720953604
"740",2016-01-04,"Monday","Brendan",0.461810903533628,3.12450998540674
"832",2016-01-04,"Monday","Barry",0.243920522078774,3.19313784634992
"648",2016-01-04,"Monday","Simon",0.407907377045033,3.0455619690616
"464",2016-01-04,"Monday","Sam",0.411125704427132,3.20660190755539
"96",2016-01-04,"Monday","Joe",0.374563149229239,3.23190523579319
"280",2016-01-04,"Monday","Fred",0.42972417136287,3.2102936391849
"188",2016-01-04,"Monday","Jack",0.324535591507448,3.26979751932181
"833",2016-01-05,"Tuesday","Barry",0.483627355612154,3.11861408607333
"649",2016-01-05,"Tuesday","Simon",0.341791338884168,3.28460692482214
"5",2016-01-05,"Tuesday","Billy",0.421456234440553,3.08653919564662
"97",2016-01-05,"Tuesday","Joe",0.435209008923276,3.09881780972582
"741",2016-01-05,"Tuesday","Brendan",0.40379920760848,3.35652048628981
"281",2016-01-05,"Tuesday","Fred",0.359248367463752,3.12982565128969
"557",2016-01-05,"Tuesday","Luke",0.463639292074407,3.05976841171157
"189",2016-01-05,"Tuesday","Jack",0.411631588475429,3.07047982680541
"373",2016-01-05,"Tuesday","Bob",0.433910627840939,3.1395990245246
"465",2016-01-05,"Tuesday","Sam",0.366312274584015,3.15549639847035
"6",2016-01-06,"Wednesday","Billy",0.725302794607879,2.08782036269523
"742",2016-01-06,"Wednesday","Brendan",0.673021354618261,1.99499507390085
"98",2016-01-06,"Wednesday","Joe",0.690079186308896,2.04701675477264
"282",2016-01-06,"Wednesday","Fred",0.556782658146664,2.00412306242703
"466",2016-01-06,"Wednesday","Sam",0.728371645693526,1.76578876135585
"834",2016-01-06,"Wednesday","Barry",0.734527490822449,1.93267446856027
"190",2016-01-06,"Wednesday","Jack",0.698017565197445,1.89453197820223
"558",2016-01-06,"Wednesday","Luke",0.690372804212151,2.23839718231247
"650",2016-01-06,"Wednesday","Simon",0.715484309809512,2.03309324706784
"374",2016-01-06,"Wednesday","Bob",0.686616336388286,2.06290351201217
"467",2016-01-07,"Thursday","Sam",0.708974182738,1.97216176324921
"7",2016-01-07,"Thursday","Billy",0.671263001993267,2.09729167533761
"743",2016-01-07,"Thursday","Brendan",0.738676905971375,2.01110287061467
"375",2016-01-07,"Thursday","Bob",0.817298283216746,2.0714169570852
"99",2016-01-07,"Thursday","Joe",0.673096460555757,1.92990296683709
"191",2016-01-07,"Thursday","Jack",0.658043746624733,1.80583925103249
"283",2016-01-07,"Thursday","Fred",0.747691174085413,1.93512316494015
"835",2016-01-07,"Thursday","Barry",0.651166483996444,2.1402030463378
"651",2016-01-07,"Thursday","Simon",0.691075309256315,1.96338126891409
"559",2016-01-07,"Thursday","Luke",0.685816739070559,2.08729443509785
"100",2016-01-08,"Friday","Joe",0.557212067249038,2.08136828625265
"192",2016-01-08,"Friday","Jack",0.706614554412208,1.87304394069963
"652",2016-01-08,"Friday","Simon",0.667273771398927,2.17492849834162
"376",2016-01-08,"Friday","Bob",0.653625267223758,2.10758861012888
"468",2016-01-08,"Friday","Sam",0.734317087474401,1.88181963676551
"744",2016-01-08,"Friday","Brendan",0.765215026191475,2.04754710459974
"8",2016-01-08,"Friday","Billy",0.672668407210791,2.21211171053757
"284",2016-01-08,"Friday","Fred",0.730764238530672,1.93559921405336
"836",2016-01-08,"Friday","Barry",0.700756708780245,2.05400166082966
"560",2016-01-08,"Friday","Luke",0.652316414353037,1.84643341128258
"377",2016-01-09,"Saturday","Bob",0.728672141315113,3.22497555173793
"745",2016-01-09,"Saturday","Brendan",0.849255498705464,2.90609960952929
"9",2016-01-09,"Saturday","Billy",0.771777400045336,3.0414523534375
"469",2016-01-09,"Saturday","Sam",0.733636816925829,3.0033125272564
"193",2016-01-09,"Saturday","Jack",0.786223762664703,2.91125611891839
"101",2016-01-09,"Saturday","Joe",0.760517657386812,2.91885692160072
"285",2016-01-09,"Saturday","Fred",0.764956464972487,2.97955611749336
"561",2016-01-09,"Saturday","Luke",0.798782467698292,3.11339752513847
"837",2016-01-09,"Saturday","Barry",0.791727291237479,3.06422741687985
"653",2016-01-09,"Saturday","Simon",0.878807863200019,2.8994855038544
"10",2016-01-10,"Sunday","Billy",0.355498108547795,3.15252815264706
"378",2016-01-10,"Sunday","Bob",0.402115133219491,3.21978905988793
"654",2016-01-10,"Sunday","Simon",0.364929813130935,3.18825607011582
"102",2016-01-10,"Sunday","Joe",0.424390731758184,3.23193974870995
"746",2016-01-10,"Sunday","Brendan",0.349413924465691,3.1225954380357
"470",2016-01-10,"Sunday","Sam",0.361604178088883,3.11622829881595
"286",2016-01-10,"Sunday","Fred",0.346316932926511,3.24908409176616
"562",2016-01-10,"Sunday","Luke",0.393150701757124,3.30448401606183
"194",2016-01-10,"Sunday","Jack",0.366062067936598,3.17080842372968
"838",2016-01-10,"Sunday","Barry",0.316989331573657,3.1987280235013
"11",2016-01-11,"Monday","Billy",0.376140365012323,3.20659934937045
"563",2016-01-11,"Monday","Luke",0.403375919556054,3.25898306887456
"839",2016-01-11,"Monday","Barry",0.356078280986725,3.21828795532296
"287",2016-01-11,"Monday","Fred",0.385000440160013,3.17946630127295
"747",2016-01-11,"Monday","Brendan",0.36969854871408,3.15764415327674
"655",2016-01-11,"Monday","Simon",0.412143819468641,3.26685055465381
"103",2016-01-11,"Monday","Joe",0.508401626975966,3.11534773468364
"195",2016-01-11,"Monday","Jack",0.425041796588791,3.3410094052973
"471",2016-01-11,"Monday","Sam",0.390364874566361,3.18823889197537
"379",2016-01-11,"Monday","Bob",0.488372173500241,3.14244536815213
"748",2016-01-12,"Tuesday","Brendan",0.415836302775343,3.37728794944105
"196",2016-01-12,"Tuesday","Jack",0.383416884399661,3.28886414302639
"656",2016-01-12,"Tuesday","Simon",0.425801787823054,3.09175259785672
"472",2016-01-12,"Tuesday","Sam",0.447952559904111,3.12584774288708
"288",2016-01-12,"Tuesday","Fred",0.405405328140129,3.21906913239253
"564",2016-01-12,"Tuesday","Luke",0.422258417991599,3.23991037348949
"840",2016-01-12,"Tuesday","Barry",0.448290791930119,3.15114854197693
"12",2016-01-12,"Tuesday","Billy",0.350080677757015,3.14975222176061
"104",2016-01-12,"Tuesday","Joe",0.425034730714039,3.17542368208713
"380",2016-01-12,"Tuesday","Bob",0.402637516357268,3.19226791349954
"473",2016-01-13,"Wednesday","Sam",0.673548431901028,1.95916530308168
"289",2016-01-13,"Wednesday","Fred",0.736160038179384,2.09700241926611
"749",2016-01-13,"Wednesday","Brendan",0.631765444567736,2.04265506583303
"657",2016-01-13,"Wednesday","Simon",0.752557738102229,2.11059678057862
"565",2016-01-13,"Wednesday","Luke",0.7453300194123,2.01449491846551
"197",2016-01-13,"Wednesday","Jack",0.608250987461374,2.02729743196903
"381",2016-01-13,"Wednesday","Bob",0.705486301998498,1.8372080110899
"105",2016-01-13,"Wednesday","Joe",0.731010510183366,1.84471409888945
"13",2016-01-13,"Wednesday","Billy",0.6611873052681,1.91740014128707
"841",2016-01-13,"Wednesday","Barry",0.6422089346633,2.11352367360765
"474",2016-01-14,"Thursday","Sam",0.648355650452457,1.96222292390413
"382",2016-01-14,"Thursday","Bob",0.743160130777908,2.0129923153969
"658",2016-01-14,"Thursday","Simon",0.718365219810806,1.98858466180655
"566",2016-01-14,"Thursday","Luke",0.716370528323029,2.06191612176077
"198",2016-01-14,"Thursday","Jack",0.567412937581366,1.94333585339738
"290",2016-01-14,"Thursday","Fred",0.769504754803713,1.97147389221529
"106",2016-01-14,"Thursday","Joe",0.651704839493321,2.01284340329258
"750",2016-01-14,"Thursday","Brendan",0.680901686023617,1.99055298269113
"842",2016-01-14,"Thursday","Barry",0.66243021441922,1.96739489777508
"14",2016-01-14,"Thursday","Billy",0.703222940863813,2.0166989279753
"659",2016-01-15,"Friday","Simon",0.798660765748676,2.12291483044291
"751",2016-01-15,"Friday","Brendan",0.699285362942412,1.88834045661843
"383",2016-01-15,"Friday","Bob",0.695051339761519,1.95743268667399
"475",2016-01-15,"Friday","Sam",0.73858727452237,2.13283667119972
"107",2016-01-15,"Friday","Joe",0.708132735405913,2.09854433894049
"15",2016-01-15,"Friday","Billy",0.747974702948539,1.91037353737552
"843",2016-01-15,"Friday","Barry",0.662745782207263,2.19918625338278
"291",2016-01-15,"Friday","Fred",0.65755583008108,1.98963807314582
"199",2016-01-15,"Friday","Jack",0.670970891395779,1.99597930625634
"567",2016-01-15,"Friday","Luke",0.749628081337605,1.89673808939019
"752",2016-01-16,"Saturday","Brendan",0.796729093400052,2.99125648534705
"16",2016-01-16,"Saturday","Billy",0.794485725280461,3.01681853876558
"108",2016-01-16,"Saturday","Joe",0.696088122905631,3.01832475230672
"476",2016-01-16,"Saturday","Sam",0.823267833209927,3.0716436306842
"568",2016-01-16,"Saturday","Luke",0.853270028701354,2.93506438617243
"844",2016-01-16,"Saturday","Barry",0.861352624273703,3.05867728943521
"200",2016-01-16,"Saturday","Jack",0.87270934354356,3.05476122453011
"384",2016-01-16,"Saturday","Bob",0.805184827304311,3.04060117485211
"292",2016-01-16,"Saturday","Fred",0.814536142232175,3.05112545412037
"660",2016-01-16,"Saturday","Simon",0.822256837394727,2.99767031839083
"845",2016-01-17,"Sunday","Barry",0.390457100308929,3.29883332237171
"385",2016-01-17,"Sunday","Bob",0.460424243784232,3.17311898143619
"201",2016-01-17,"Sunday","Jack",0.441906468998235,3.14959666783945
"569",2016-01-17,"Sunday","Luke",0.253475897230971,3.09979927418076
"661",2016-01-17,"Sunday","Simon",0.375575991575473,3.12648945333798
"17",2016-01-17,"Sunday","Billy",0.374449524709668,3.23549682610149
"109",2016-01-17,"Sunday","Joe",0.424261341028463,3.02337707865695
"293",2016-01-17,"Sunday","Fred",0.466708801685121,3.07418375499843
"753",2016-01-17,"Sunday","Brendan",0.411171620943086,3.23925260901733
"477",2016-01-17,"Sunday","Sam",0.338716446654301,3.1767710811749
"110",2016-01-18,"Monday","Joe",0.434838438928246,3.13794663033841
"846",2016-01-18,"Monday","Barry",0.427715537298734,3.34756239352837
"478",2016-01-18,"Monday","Sam",0.502333862011016,3.07737730997573
"18",2016-01-18,"Monday","Billy",0.354440229168509,3.19478948831289
"662",2016-01-18,"Monday","Simon",0.405125576791782,3.06594851668665
"386",2016-01-18,"Monday","Bob",0.404687301052639,3.06190154637023
"294",2016-01-18,"Monday","Fred",0.354932892237046,3.25438259689562
"570",2016-01-18,"Monday","Luke",0.381861312850613,3.18341190400115
"202",2016-01-18,"Monday","Jack",0.460752679022307,3.30590701295588
"754",2016-01-18,"Monday","Brendan",0.409159108333945,3.16393778307463
"663",2016-01-19,"Tuesday","Simon",0.433456462280462,3.06269341076282
"387",2016-01-19,"Tuesday","Bob",0.362390174052696,3.20365833213446
"571",2016-01-19,"Tuesday","Luke",0.428496626904628,3.21466562951164
"295",2016-01-19,"Tuesday","Fred",0.388861829353357,3.1465036413417
"203",2016-01-19,"Tuesday","Jack",0.44912527213664,3.30974535664358
"111",2016-01-19,"Tuesday","Joe",0.409275695779153,3.36560430369987
"479",2016-01-19,"Tuesday","Sam",0.474933722444865,3.30475380909316
"847",2016-01-19,"Tuesday","Barry",0.438571656355186,3.19530466201439
"755",2016-01-19,"Tuesday","Brendan",0.444533062111458,3.11120156383825
"19",2016-01-19,"Tuesday","Billy",0.358141415986553,3.18040653812837
"112",2016-01-20,"Wednesday","Joe",0.735036675777223,2.18098053855839
"20",2016-01-20,"Wednesday","Billy",0.820791758924467,1.93509302483942
"664",2016-01-20,"Wednesday","Simon",0.590474559591469,1.98509429060261
"296",2016-01-20,"Wednesday","Fred",0.61142659858983,1.88619539732199
"480",2016-01-20,"Wednesday","Sam",0.630552545766158,1.85635928131762
"388",2016-01-20,"Wednesday","Bob",0.719746210993633,1.86467554688236
"204",2016-01-20,"Wednesday","Jack",0.715788201200921,1.88334953703744
"848",2016-01-20,"Wednesday","Barry",0.680996660010462,1.82324689007998
"756",2016-01-20,"Wednesday","Brendan",0.697346407758995,1.90535834462041
"572",2016-01-20,"Wednesday","Luke",0.644018226384748,2.06020565241427
"113",2016-01-21,"Thursday","Joe",0.715584051433068,1.88249632319879
"297",2016-01-21,"Thursday","Fred",0.714371112505722,1.82319962291243
"389",2016-01-21,"Thursday","Bob",0.645423978300629,2.08970061939423
"849",2016-01-21,"Thursday","Barry",0.643572430582201,1.93903660282301
"757",2016-01-21,"Thursday","Brendan",0.658507094224246,1.97800884439254
"481",2016-01-21,"Thursday","Sam",0.807668823186141,1.88175310716134
"665",2016-01-21,"Thursday","Simon",0.695221797432649,1.79937240408028
"205",2016-01-21,"Thursday","Jack",0.624646868614184,1.92530886899139
"21",2016-01-21,"Thursday","Billy",0.706704411007602,1.88902327686013
"573",2016-01-21,"Thursday","Luke",0.651967482069795,2.05290555254928
"114",2016-01-22,"Friday","Joe",0.738023118098392,1.96332967411724
"206",2016-01-22,"Friday","Jack",0.710278489358314,2.12067387333393
"574",2016-01-22,"Friday","Luke",0.71368682359561,2.14456958407614
"666",2016-01-22,"Friday","Simon",0.702076285425799,1.84404314625819
"390",2016-01-22,"Friday","Bob",0.627085378750215,1.81706402877361
"482",2016-01-22,"Friday","Sam",0.613544162972532,1.92237951641868
"22",2016-01-22,"Friday","Billy",0.675465705165453,2.08492742026551
"850",2016-01-22,"Friday","Barry",0.708505088851999,2.05932569122506
"758",2016-01-22,"Friday","Brendan",0.693948545108744,2.03422201169202
"298",2016-01-22,"Friday","Fred",0.6679404118838,1.92850217971323
"299",2016-01-23,"Saturday","Fred",0.753753117888053,2.88297977356404
"391",2016-01-23,"Saturday","Bob",0.793864385752212,2.9858123055828
"23",2016-01-23,"Saturday","Billy",0.777972606382339,3.0022362526076
"759",2016-01-23,"Saturday","Brendan",0.789517097828258,3.09699241294155
"207",2016-01-23,"Saturday","Jack",0.879861404517191,2.83127801194567
"115",2016-01-23,"Saturday","Joe",0.892123181310383,3.03536254489273
"483",2016-01-23,"Saturday","Sam",0.805102124254725,2.90276864905243
"851",2016-01-23,"Saturday","Barry",0.782072883397447,3.12033872199931
"667",2016-01-23,"Saturday","Simon",0.7880699563051,3.19627015691511
"575",2016-01-23,"Saturday","Luke",0.777928835567992,3.05973092874289
"484",2016-01-24,"Sunday","Sam",0.342936043625145,3.10963424388089
"668",2016-01-24,"Sunday","Simon",0.402568426824337,3.18216817763944
"116",2016-01-24,"Sunday","Joe",0.45561814206313,3.23191562208679
"760",2016-01-24,"Sunday","Brendan",0.401979478085638,3.06645468598029
"392",2016-01-24,"Sunday","Bob",0.34495354041658,3.24579817778428
"852",2016-01-24,"Sunday","Barry",0.47214692453433,3.22082568269391
"300",2016-01-24,"Sunday","Fred",0.361001126540734,3.08215518515805
"576",2016-01-24,"Sunday","Luke",0.313425609116074,3.32563169212896
"208",2016-01-24,"Sunday","Jack",0.230196823271282,3.24197098949063
"24",2016-01-24,"Sunday","Billy",0.422979472050293,3.28311406173068
"761",2016-01-25,"Monday","Brendan",0.474049509873809,3.11991205245939
"117",2016-01-25,"Monday","Joe",0.401633197875072,3.14200430109806
"25",2016-01-25,"Monday","Billy",0.365313987653126,3.07557121486558
"853",2016-01-25,"Monday","Barry",0.374002656837837,3.28391393585318
"577",2016-01-25,"Monday","Luke",0.445292742198819,3.30974420428052
"669",2016-01-25,"Monday","Simon",0.300409681989647,3.33576206731614
"209",2016-01-25,"Monday","Jack",0.360932385784896,3.22334987616388
"393",2016-01-25,"Monday","Bob",0.429046153591988,3.048038248691
"301",2016-01-25,"Monday","Fred",0.422225168679719,3.36272913379533
"485",2016-01-25,"Monday","Sam",0.381149545589811,3.32872039460444
"302",2016-01-26,"Tuesday","Fred",0.291876549869417,3.07878533343715
"854",2016-01-26,"Tuesday","Barry",0.384467895280034,3.29430414339923
"578",2016-01-26,"Tuesday","Luke",0.357958017924661,3.1411539586901
"210",2016-01-26,"Tuesday","Jack",0.455123232037595,3.51959011978574
"118",2016-01-26,"Tuesday","Joe",0.344277551760132,3.10467212980531
"762",2016-01-26,"Tuesday","Brendan",0.428333002919602,2.99532036558159
"394",2016-01-26,"Tuesday","Bob",0.392652625532011,3.33990553146603
"26",2016-01-26,"Tuesday","Billy",0.327589754480676,3.21690264137662
"486",2016-01-26,"Tuesday","Sam",0.382560895061898,3.18938123990127
"670",2016-01-26,"Tuesday","Simon",0.417311814237222,3.36489920471382
"27",2016-01-27,"Wednesday","Billy",0.728737786045036,2.06731663069477
"579",2016-01-27,"Wednesday","Luke",0.719317392746298,2.07513012815068
"671",2016-01-27,"Wednesday","Simon",0.700151467140056,2.01194845705936
"855",2016-01-27,"Wednesday","Barry",0.734136873230077,2.10280931190928
"119",2016-01-27,"Wednesday","Joe",0.720902891119254,1.98205714130544
"395",2016-01-27,"Wednesday","Bob",0.661683269246382,1.9114660809097
"211",2016-01-27,"Wednesday","Jack",0.726437250972265,1.7270319658773
"303",2016-01-27,"Wednesday","Fred",0.678724455003953,2.09975099174413
"763",2016-01-27,"Wednesday","Brendan",0.78947901793157,2.01100562181937
"487",2016-01-27,"Wednesday","Sam",0.716144254061428,1.92841290463429
"488",2016-01-28,"Thursday","Sam",0.643783019102992,2.06717221964777
"580",2016-01-28,"Thursday","Luke",0.720621505722851,2.04535143410176
"856",2016-01-28,"Thursday","Barry",0.666821078981728,2.07475638442153
"672",2016-01-28,"Thursday","Simon",0.675378574961682,2.00036206163376
"120",2016-01-28,"Thursday","Joe",0.679988238132842,2.10098082149443
"28",2016-01-28,"Thursday","Billy",0.648817213851806,1.99737236235515
"304",2016-01-28,"Thursday","Fred",0.649314117039773,2.05452456414202
"212",2016-01-28,"Thursday","Jack",0.739469720175743,1.9159204198576
"396",2016-01-28,"Thursday","Bob",0.781144878927231,1.94936697087787
"764",2016-01-28,"Thursday","Brendan",0.755702392557736,2.07161003737353
"581",2016-01-29,"Friday","Luke",0.776063432152117,2.01191782341689
"397",2016-01-29,"Friday","Bob",0.6945029727982,2.01633321059663
"857",2016-01-29,"Friday","Barry",0.699102472568154,1.98085729347138
"121",2016-01-29,"Friday","Joe",0.774674655130874,2.00236266149214
"673",2016-01-29,"Friday","Simon",0.556779063870475,2.01964434459247
"29",2016-01-29,"Friday","Billy",0.699243084981791,1.9808607831444
"213",2016-01-29,"Friday","Jack",0.722854975292804,2.06740286686505
"489",2016-01-29,"Friday","Sam",0.562147513883966,2.01976336259169
"305",2016-01-29,"Friday","Fred",0.651894048584813,1.91152108848249
"765",2016-01-29,"Friday","Brendan",0.789703726432395,2.02541206023756
"766",2016-01-30,"Saturday","Brendan",0.731772555005177,3.1228762188015
"674",2016-01-30,"Saturday","Simon",0.779439363155108,3.06797395067307
"398",2016-01-30,"Saturday","Bob",0.871085242713103,2.96628561437416
"214",2016-01-30,"Saturday","Jack",0.826941655782906,3.16743265096714
"306",2016-01-30,"Saturday","Fred",0.823731731363868,2.93887693021186
"490",2016-01-30,"Saturday","Sam",0.795209445044014,2.87799032746664
"582",2016-01-30,"Saturday","Luke",0.809828211773041,2.90966122916948
"858",2016-01-30,"Saturday","Barry",0.824829550826581,3.10246901646616
"122",2016-01-30,"Saturday","Joe",0.719645953007514,2.93509717804161
"30",2016-01-30,"Saturday","Billy",0.75320256994158,2.92180933533001
"399",2016-01-31,"Sunday","Bob",0.39432894755018,3.09640484679902
"123",2016-01-31,"Sunday","Joe",0.379212410579924,3.14956257779518
"675",2016-01-31,"Sunday","Simon",0.405910426902613,3.28011248449644
"767",2016-01-31,"Sunday","Brendan",0.364628000750014,3.25834040059561
"583",2016-01-31,"Sunday","Luke",0.433280517641839,3.25879824566943
"859",2016-01-31,"Sunday","Barry",0.379786264974715,3.14957780252396
"491",2016-01-31,"Sunday","Sam",0.362665009752168,3.1439034879549
"307",2016-01-31,"Sunday","Fred",0.417587713480227,3.15898004871666
"215",2016-01-31,"Sunday","Jack",0.400732156120555,3.28396870838405
"31",2016-01-31,"Sunday","Billy",0.455114877310013,3.40581619877635
"216",2016-02-01,"Monday","Jack",0.354175543214845,3.05716315644448
"32",2016-02-01,"Monday","Billy",0.376220346056547,3.27505014531558
"492",2016-02-01,"Monday","Sam",0.410539070900269,3.25337326344117
"308",2016-02-01,"Monday","Fred",0.394648982187651,3.21904093698368
"400",2016-02-01,"Monday","Bob",0.383535952920942,3.24093379282167
"124",2016-02-01,"Monday","Joe",0.421100418660871,3.36143914954584
"584",2016-02-01,"Monday","Luke",0.457029554612406,3.20637287482313
"860",2016-02-01,"Monday","Barry",0.339417559489295,3.23485488594538
"768",2016-02-01,"Monday","Brendan",0.372185782705626,3.1412875226271
"676",2016-02-01,"Monday","Simon",0.3964419616116,2.99847994202239
"309",2016-02-02,"Tuesday","Fred",0.426875862830017,3.16516750710407
"677",2016-02-02,"Tuesday","Simon",0.36956512855226,3.20473959880867
"861",2016-02-02,"Tuesday","Barry",0.415637185836808,3.14906261248101
"125",2016-02-02,"Tuesday","Joe",0.392413173173251,3.15530401887443
"769",2016-02-02,"Tuesday","Brendan",0.384495945312364,3.34466653579162
"585",2016-02-02,"Tuesday","Luke",0.379680943597621,3.16451641450632
"217",2016-02-02,"Tuesday","Jack",0.338659245461617,3.42393881691678
"493",2016-02-02,"Tuesday","Sam",0.357574509574559,3.39503154646839
"401",2016-02-02,"Tuesday","Bob",0.418673049179857,3.14757765417831
"33",2016-02-02,"Tuesday","Billy",0.364527998124375,3.38242083023783
"862",2016-02-03,"Wednesday","Barry",0.686006906790516,2.04778244573089
"34",2016-02-03,"Wednesday","Billy",0.674937096970262,2.0080059641092
"494",2016-02-03,"Wednesday","Sam",0.739613238285217,2.15819432296005
"678",2016-02-03,"Wednesday","Simon",0.716082264402096,2.06130966068599
"218",2016-02-03,"Wednesday","Jack",0.701807643406511,1.82427337758982
"770",2016-02-03,"Wednesday","Brendan",0.681191033213583,2.0443394035428
"402",2016-02-03,"Wednesday","Bob",0.751494406546991,2.05065003735242
"126",2016-02-03,"Wednesday","Joe",0.669692444236789,2.07631767611133
"586",2016-02-03,"Wednesday","Luke",0.617221932315535,2.09224957444188
"310",2016-02-03,"Wednesday","Fred",0.669894755077593,2.0826847530285
"311",2016-02-04,"Thursday","Fred",0.598835117733316,1.97073130976973
"403",2016-02-04,"Thursday","Bob",0.835288752359967,1.94952771372253
"771",2016-02-04,"Thursday","Brendan",0.722926300421343,2.05779468857155
"863",2016-02-04,"Thursday","Barry",0.599007243272764,2.0500985395602
"495",2016-02-04,"Thursday","Sam",0.701459371628783,2.08377875222361
"679",2016-02-04,"Thursday","Simon",0.654475523397865,1.98299815189466
"587",2016-02-04,"Thursday","Luke",0.707146501824555,2.09923253685956
"127",2016-02-04,"Thursday","Joe",0.684763946551664,2.14717186861858
"35",2016-02-04,"Thursday","Billy",0.618545326546065,1.93685907010336
"219",2016-02-04,"Thursday","Jack",0.678930344321431,1.88869839120953
"128",2016-02-05,"Friday","Joe",0.731476804994224,2.04436649036874
"864",2016-02-05,"Friday","Barry",0.713478943158889,1.98944194827226
"496",2016-02-05,"Friday","Sam",0.73016940062419,1.99869303373155
"680",2016-02-05,"Friday","Simon",0.734964052365973,2.02257595244318
"588",2016-02-05,"Friday","Luke",0.766295715415441,2.08735639017935
"404",2016-02-05,"Friday","Bob",0.648252706437538,1.90427496710465
"772",2016-02-05,"Friday","Brendan",0.636942542528444,1.90781650361227
"220",2016-02-05,"Friday","Jack",0.655031779576855,1.99568596093867
"36",2016-02-05,"Friday","Billy",0.641619036895291,1.84867118799663
"312",2016-02-05,"Friday","Fred",0.757721064029907,1.78346537900368
"681",2016-02-06,"Saturday","Simon",0.841286618759657,3.08924041411251
"497",2016-02-06,"Saturday","Sam",0.750252994759328,2.8274204037989
"773",2016-02-06,"Saturday","Brendan",0.773626741839693,2.97506732948348
"865",2016-02-06,"Saturday","Barry",0.806589962543459,3.00273087389011
"37",2016-02-06,"Saturday","Billy",0.690998017552566,2.93639001689149
"221",2016-02-06,"Saturday","Jack",0.820872065874328,3.22255869089066
"129",2016-02-06,"Saturday","Joe",0.844758599013777,2.95782781299298
"313",2016-02-06,"Saturday","Fred",0.788465350115295,2.99037832237966
"589",2016-02-06,"Saturday","Luke",0.729686116968022,2.73889565388927
"405",2016-02-06,"Saturday","Bob",0.790828507067964,2.99053656415467
"406",2016-02-07,"Sunday","Bob",0.453888565372566,3.26494393176106
"590",2016-02-07,"Sunday","Luke",0.450606580749757,3.110268316729
"498",2016-02-07,"Sunday","Sam",0.389433377092812,3.1269146426318
"774",2016-02-07,"Sunday","Brendan",0.372159288910073,3.07781013536243
"38",2016-02-07,"Sunday","Billy",0.332950340394999,3.22263015324972
"222",2016-02-07,"Sunday","Jack",0.407672236843201,3.25063165873382
"130",2016-02-07,"Sunday","Joe",0.43301063159102,3.19599983737939
"866",2016-02-07,"Sunday","Barry",0.316061436480923,3.24337158045711
"682",2016-02-07,"Sunday","Simon",0.447877170595743,3.18523869012435
"314",2016-02-07,"Sunday","Fred",0.381745561589254,3.01480431537514
"591",2016-02-08,"Monday","Luke",0.396993457852109,3.29372353186046
"499",2016-02-08,"Monday","Sam",0.417201054374809,3.1784586134653
"315",2016-02-08,"Monday","Fred",0.407875896468786,3.29378111352321
"407",2016-02-08,"Monday","Bob",0.41708101126494,3.22423217993271
"867",2016-02-08,"Monday","Barry",0.373706024834797,3.08689355155567
"39",2016-02-08,"Monday","Billy",0.385285307061814,3.30136903474658
"131",2016-02-08,"Monday","Joe",0.513674176022374,3.15077200317721
"683",2016-02-08,"Monday","Simon",0.439942313518265,3.35371823103705
"775",2016-02-08,"Monday","Brendan",0.381278063689199,3.19274603539545
"223",2016-02-08,"Monday","Jack",0.473164152259662,3.27303960514358
"224",2016-02-09,"Tuesday","Jack",0.343924875133723,3.37280775947368
"316",2016-02-09,"Tuesday","Fred",0.43829661114922,3.12523135185605
"684",2016-02-09,"Tuesday","Simon",0.382393639497499,3.24526193548708
"408",2016-02-09,"Tuesday","Bob",0.390632818794066,3.19410659097383
"868",2016-02-09,"Tuesday","Barry",0.391243768827744,3.30206869005245
"776",2016-02-09,"Tuesday","Brendan",0.369780000950947,3.33649012450367
"40",2016-02-09,"Tuesday","Billy",0.376705122979694,3.22527501350663
"500",2016-02-09,"Tuesday","Sam",0.395531073550823,3.24902066685537
"592",2016-02-09,"Tuesday","Luke",0.404974071214014,3.1254663665199
"132",2016-02-09,"Tuesday","Joe",0.45867487863162,3.32277171173128
"409",2016-02-10,"Wednesday","Bob",0.634857044573526,1.80522059284238
"225",2016-02-10,"Wednesday","Jack",0.674110595847249,2.09847799683146
"593",2016-02-10,"Wednesday","Luke",0.682538910124706,2.04085396297425
"869",2016-02-10,"Wednesday","Barry",0.672168461830419,2.02692742899968
"41",2016-02-10,"Wednesday","Billy",0.772474813264357,1.88280516871589
"317",2016-02-10,"Wednesday","Fred",0.721304348310116,1.88847585642998
"133",2016-02-10,"Wednesday","Joe",0.714385486415689,1.98504464347556
"777",2016-02-10,"Wednesday","Brendan",0.760156353526633,1.95424689801558
"501",2016-02-10,"Wednesday","Sam",0.782701873325825,2.00593934237562
"685",2016-02-10,"Wednesday","Simon",0.698752658588211,1.84043057474295
"318",2016-02-11,"Thursday","Fred",0.746363269998266,1.94084935847012
"778",2016-02-11,"Thursday","Brendan",0.738443661670274,2.00652002193601
"870",2016-02-11,"Thursday","Barry",0.727592420455426,2.05485486413912
"502",2016-02-11,"Thursday","Sam",0.601854564339551,2.00583120529246
"686",2016-02-11,"Thursday","Simon",0.762253668584742,1.98128347079663
"594",2016-02-11,"Thursday","Luke",0.751842663979516,2.01829126726428
"42",2016-02-11,"Thursday","Billy",0.646567863816271,2.0668714328525
"226",2016-02-11,"Thursday","Jack",0.696252645583074,1.87752621240357
"134",2016-02-11,"Thursday","Joe",0.667011495308935,2.15499833839825
"410",2016-02-11,"Thursday","Bob",0.686067086901217,2.14514436318915
"595",2016-02-12,"Friday","Luke",0.771207823957082,2.11074022911828
"319",2016-02-12,"Friday","Fred",0.702306729642024,2.05852306839092
"687",2016-02-12,"Friday","Simon",0.730547097927483,2.05676344681289
"135",2016-02-12,"Friday","Joe",0.845957006535881,1.94383874646187
"227",2016-02-12,"Friday","Jack",0.629610495928046,2.07097262180658
"43",2016-02-12,"Friday","Billy",0.657231768313125,1.83498990651556
"779",2016-02-12,"Friday","Brendan",0.711917551162068,2.07839803359237
"871",2016-02-12,"Friday","Barry",0.621197424335987,1.98305788376413
"411",2016-02-12,"Friday","Bob",0.690762304577087,1.99600603223623
"503",2016-02-12,"Friday","Sam",0.737806275574974,2.1838363106575
"596",2016-02-13,"Saturday","Luke",0.878542439569309,2.92896283296204
"504",2016-02-13,"Saturday","Sam",0.800720932897153,3.03876508994135
"228",2016-02-13,"Saturday","Jack",0.785764706594476,2.98907800074219
"136",2016-02-13,"Saturday","Joe",0.833870775021916,2.93528827493676
"688",2016-02-13,"Saturday","Simon",0.817344151633031,3.01626791167636
"320",2016-02-13,"Saturday","Fred",0.774785717845444,2.80814418006901
"44",2016-02-13,"Saturday","Billy",0.785968849902127,2.96341477518081
"780",2016-02-13,"Saturday","Brendan",0.729248592930566,2.84122919268352
"872",2016-02-13,"Saturday","Barry",0.752285361380443,2.81215597500495
"412",2016-02-13,"Saturday","Bob",0.795911125141322,2.91360023089301
"873",2016-02-14,"Sunday","Barry",0.377506828770074,3.27483071951274
"45",2016-02-14,"Sunday","Billy",0.350282996185217,3.16838816711669
"321",2016-02-14,"Sunday","Fred",0.384977529582222,3.22538167915041
"781",2016-02-14,"Sunday","Brendan",0.546688719330301,3.06306356867618
"413",2016-02-14,"Sunday","Bob",0.480612089686353,3.17983097602875
"137",2016-02-14,"Sunday","Joe",0.3657839827932,3.21431321590504
"505",2016-02-14,"Sunday","Sam",0.44728569020304,3.17194492753453
"229",2016-02-14,"Sunday","Jack",0.364591441089331,3.37826078953883
"597",2016-02-14,"Sunday","Luke",0.351629963346636,3.19421976306393
"689",2016-02-14,"Sunday","Simon",0.463958985547733,3.06280169870742
"230",2016-02-15,"Monday","Jack",0.292618049943124,3.1756555320397
"414",2016-02-15,"Monday","Bob",0.376903008024767,3.22612555627274
"138",2016-02-15,"Monday","Joe",0.409324604154049,3.20241886479911
"874",2016-02-15,"Monday","Barry",0.472195319757579,3.17398998599922
"782",2016-02-15,"Monday","Brendan",0.446751287867916,3.10724801973776
"598",2016-02-15,"Monday","Luke",0.43796429221714,3.23449234167127
"690",2016-02-15,"Monday","Simon",0.368657707906518,3.01160474883087
"322",2016-02-15,"Monday","Fred",0.441145798932294,3.10277582337538
"46",2016-02-15,"Monday","Billy",0.351574284106398,3.00517539526786
"506",2016-02-15,"Monday","Sam",0.395059575380686,3.15714822620364
"691",2016-02-16,"Tuesday","Simon",0.401263163580073,3.19319529918353
"47",2016-02-16,"Tuesday","Billy",0.344634090367912,3.29200575223909
"323",2016-02-16,"Tuesday","Fred",0.357536560193548,3.1991486551962
"415",2016-02-16,"Tuesday","Bob",0.321197484959068,3.04816486166941
"875",2016-02-16,"Tuesday","Barry",0.392237295559309,3.26182606590637
"139",2016-02-16,"Tuesday","Joe",0.383780334975817,3.14955484754191
"507",2016-02-16,"Tuesday","Sam",0.263012287830643,3.20953249355319
"783",2016-02-16,"Tuesday","Brendan",0.461694226086293,3.23008415598302
"231",2016-02-16,"Tuesday","Jack",0.385808141969432,3.04728929777454
"599",2016-02-16,"Tuesday","Luke",0.381190517277093,3.3272654447469
"416",2016-02-17,"Wednesday","Bob",0.724821653676556,2.07173086322758
"876",2016-02-17,"Wednesday","Barry",0.648914054600505,2.20479369616366
"784",2016-02-17,"Wednesday","Brendan",0.605430763910097,2.00804689461039
"508",2016-02-17,"Wednesday","Sam",0.721015292471158,1.91866685910586
"324",2016-02-17,"Wednesday","Fred",0.65231949521594,2.06790419110075
"600",2016-02-17,"Wednesday","Luke",0.65082952930424,1.9822619164758
"140",2016-02-17,"Wednesday","Joe",0.68626478908871,1.84186031900697
"232",2016-02-17,"Wednesday","Jack",0.673296391801196,2.04918343714666
"48",2016-02-17,"Wednesday","Billy",0.637400705718053,1.93771284051211
"692",2016-02-17,"Wednesday","Simon",0.765075450131862,2.06873069338529
"509",2016-02-18,"Thursday","Sam",0.689081036886951,2.13681900774255
"601",2016-02-18,"Thursday","Luke",0.719494755055161,2.02904059969783
"785",2016-02-18,"Thursday","Brendan",0.688867435344103,2.12467468305172
"141",2016-02-18,"Thursday","Joe",0.653324832970507,2.00300664212554
"417",2016-02-18,"Thursday","Bob",0.694402310809052,2.02468327280964
"49",2016-02-18,"Thursday","Billy",0.673808594050632,1.96659633500025
"325",2016-02-18,"Thursday","Fred",0.715673935794129,2.05696313666924
"877",2016-02-18,"Thursday","Barry",0.776923487359156,1.88443751620221
"233",2016-02-18,"Thursday","Jack",0.75665050970771,2.0354503660927
"693",2016-02-18,"Thursday","Simon",0.687510515271615,1.92919992712278
"418",2016-02-19,"Friday","Bob",0.689782679989401,2.12027670463051
"50",2016-02-19,"Friday","Billy",0.675157502136665,2.13951478925296
"878",2016-02-19,"Friday","Barry",0.688441201293677,2.13529414067442
"234",2016-02-19,"Friday","Jack",0.669796553857617,1.99823736523696
"602",2016-02-19,"Friday","Luke",0.699102464312588,1.86571517939961
"694",2016-02-19,"Friday","Simon",0.70674991723977,2.03776772688162
"786",2016-02-19,"Friday","Brendan",0.738406376418046,1.8765550899795
"142",2016-02-19,"Friday","Joe",0.705842267249304,1.92834233009293
"326",2016-02-19,"Friday","Fred",0.730623665371666,2.15029616611284
"510",2016-02-19,"Friday","Sam",0.650532233520087,1.97124639699098
"143",2016-02-20,"Saturday","Joe",0.815958011932406,3.10826109554761
"419",2016-02-20,"Saturday","Bob",0.83177840814282,3.09860392704473
"235",2016-02-20,"Saturday","Jack",0.827875579779624,2.89434496778828
"511",2016-02-20,"Saturday","Sam",0.767176555190773,2.94714475765225
"51",2016-02-20,"Saturday","Billy",0.709698437159903,3.06366744110389
"603",2016-02-20,"Saturday","Luke",0.839586230254502,3.06330500299382
"787",2016-02-20,"Saturday","Brendan",0.819397682913143,2.95609307056774
"695",2016-02-20,"Saturday","Simon",0.792666338469456,3.05807577392745
"327",2016-02-20,"Saturday","Fred",0.715445838623156,3.01290854011655
"879",2016-02-20,"Saturday","Barry",0.827596193107586,2.96324780183901
"696",2016-02-21,"Sunday","Simon",0.461696529706975,3.29746260923933
"420",2016-02-21,"Sunday","Bob",0.254666302296423,3.14620594009378
"52",2016-02-21,"Sunday","Billy",0.370896203765533,3.18915683030096
"512",2016-02-21,"Sunday","Sam",0.402783177410065,3.1126987076743
"144",2016-02-21,"Sunday","Joe",0.346122893862029,3.10473145450607
"788",2016-02-21,"Sunday","Brendan",0.430456651577916,2.98984060469444
"880",2016-02-21,"Sunday","Barry",0.456089701843499,3.19416895367193
"604",2016-02-21,"Sunday","Luke",0.489619893781851,3.22068197060831
"236",2016-02-21,"Sunday","Jack",0.407131464662754,3.11610853339217
"328",2016-02-21,"Sunday","Fred",0.439234931372116,3.12988170483234
"329",2016-02-22,"Monday","Fred",0.400596256763001,3.41537072159772
"513",2016-02-22,"Monday","Sam",0.522603172238749,3.29358930724007
"605",2016-02-22,"Monday","Luke",0.451835844246816,3.26393073425105
"237",2016-02-22,"Monday","Jack",0.338156989257734,3.19873742835096
"53",2016-02-22,"Monday","Billy",0.344555518778661,3.25137627784047
"881",2016-02-22,"Monday","Barry",0.420477269617625,3.14677819075622
"421",2016-02-22,"Monday","Bob",0.372317087361952,3.1509717258186
"697",2016-02-22,"Monday","Simon",0.406771299118381,3.2587452509331
"789",2016-02-22,"Monday","Brendan",0.429525930413816,3.36187561713733
"145",2016-02-22,"Monday","Joe",0.238342393353843,3.31264827290092
"54",2016-02-23,"Tuesday","Billy",0.3492518995254,3.2399271807274
"790",2016-02-23,"Tuesday","Brendan",0.378242962335727,3.30843284907441
"422",2016-02-23,"Tuesday","Bob",0.392327408587454,3.10044838274376
"606",2016-02-23,"Tuesday","Luke",0.365215719221981,3.15893294350321
"238",2016-02-23,"Tuesday","Jack",0.418707198625159,3.30381101460043
"514",2016-02-23,"Tuesday","Sam",0.409408678686886,3.07227326769778
"698",2016-02-23,"Tuesday","Simon",0.403362014620735,3.22452787788234
"882",2016-02-23,"Tuesday","Barry",0.465013076302044,3.15014995226424
"146",2016-02-23,"Tuesday","Joe",0.387256267367273,3.13509569826209
"330",2016-02-23,"Tuesday","Fred",0.390937235606502,3.16967538617383
"331",2016-02-24,"Wednesday","Fred",0.755347720124034,2.0807579776908
"607",2016-02-24,"Wednesday","Luke",0.706981133248466,2.16853566212659
"423",2016-02-24,"Wednesday","Bob",0.730264525788022,1.96382970717454
"147",2016-02-24,"Wednesday","Joe",0.701475891516074,2.02924700784067
"515",2016-02-24,"Wednesday","Sam",0.651015181581115,1.95312601610608
"699",2016-02-24,"Wednesday","Simon",0.665938894574433,1.84339962958283
"883",2016-02-24,"Wednesday","Barry",0.660453936423239,1.88498604224241
"55",2016-02-24,"Wednesday","Billy",0.691884523822159,2.16628564474304
"791",2016-02-24,"Wednesday","Brendan",0.68746150507505,1.9359199093087
"239",2016-02-24,"Wednesday","Jack",0.694695693826677,1.96355422860949
"516",2016-02-25,"Thursday","Sam",0.795180523375228,2.03125162733397
"608",2016-02-25,"Thursday","Luke",0.770662274694627,1.98601738957577
"700",2016-02-25,"Thursday","Simon",0.679076852987305,1.94918718519061
"148",2016-02-25,"Thursday","Joe",0.729713688705526,2.08987027244027
"792",2016-02-25,"Thursday","Brendan",0.653686530813834,1.97471801737429
"424",2016-02-25,"Thursday","Bob",0.686949670190782,2.09443548112969
"884",2016-02-25,"Thursday","Barry",0.779930972687427,2.01262409227281
"332",2016-02-25,"Thursday","Fred",0.773969743549413,2.09309914661264
"56",2016-02-25,"Thursday","Billy",0.728152790949726,2.02758934035855
"240",2016-02-25,"Thursday","Jack",0.708303099325452,1.91285505278146
"885",2016-02-26,"Friday","Barry",0.608854986324778,2.04728638991711
"793",2016-02-26,"Friday","Brendan",0.754371790162672,1.98651707267775
"333",2016-02-26,"Friday","Fred",0.642630027950008,2.04549020982729
"701",2016-02-26,"Friday","Simon",0.621539289545901,2.08582788539244
"425",2016-02-26,"Friday","Bob",0.649743076879437,2.17922070116155
"57",2016-02-26,"Friday","Billy",0.782390873640753,2.05062726232077
"609",2016-02-26,"Friday","Luke",0.758721879814782,2.01211387488501
"517",2016-02-26,"Friday","Sam",0.678074010890219,1.98916776983565
"241",2016-02-26,"Friday","Jack",0.73290174241712,1.72957969745533
"149",2016-02-26,"Friday","Joe",0.70295675840894,1.94812576432081
"518",2016-02-27,"Saturday","Sam",0.758513695220727,3.0250790417333
"426",2016-02-27,"Saturday","Bob",0.818628305715629,3.09284093958643
"150",2016-02-27,"Saturday","Joe",0.820669944736852,3.05544385523451
"334",2016-02-27,"Saturday","Fred",0.8505827188257,3.14254206900636
"242",2016-02-27,"Saturday","Jack",0.805698145998569,3.04942498365406
"794",2016-02-27,"Saturday","Brendan",0.702802039204789,3.17953559917138
"610",2016-02-27,"Saturday","Luke",0.720760920866785,2.98943208237006
"886",2016-02-27,"Saturday","Barry",0.751231844301158,2.98134747847936
"58",2016-02-27,"Saturday","Billy",0.761332328802815,3.03475519750238
"702",2016-02-27,"Saturday","Simon",0.820479327038738,3.04518667192148
"703",2016-02-28,"Sunday","Simon",0.442390159646729,3.11020957631469
"611",2016-02-28,"Sunday","Luke",0.44732149603169,3.2846304891289
"59",2016-02-28,"Sunday","Billy",0.480295481442865,3.16227623525037
"151",2016-02-28,"Sunday","Joe",0.345111391271479,3.1912026328816
"243",2016-02-28,"Sunday","Jack",0.47925795820156,3.24273403249991
"795",2016-02-28,"Sunday","Brendan",0.385968978083182,3.2038396717369
"335",2016-02-28,"Sunday","Fred",0.368396540251256,3.17910088274873
"427",2016-02-28,"Sunday","Bob",0.400972308826006,3.01700623303693
"887",2016-02-28,"Sunday","Barry",0.370676967057411,3.03807135500417
"519",2016-02-28,"Sunday","Sam",0.3376384340619,3.06838066057938
"152",2016-02-29,"Monday","Joe",0.435558762863522,3.08647870705925
"704",2016-02-29,"Monday","Simon",0.333130784522377,3.23190111448849
"612",2016-02-29,"Monday","Luke",0.382974295744066,3.12315509760769
"60",2016-02-29,"Monday","Billy",0.34210957261528,3.20976194631092
"336",2016-02-29,"Monday","Fred",0.406618065975955,3.07685972209094
"520",2016-02-29,"Monday","Sam",0.36630954184561,3.15699245508326
"244",2016-02-29,"Monday","Jack",0.405777672022166,3.33091908601097
"428",2016-02-29,"Monday","Bob",0.405526440769764,3.28218781061631
"796",2016-02-29,"Monday","Brendan",0.440603877833568,3.24129982888901
"888",2016-02-29,"Monday","Barry",0.411655477590121,3.15972409537806
"245",2016-03-01,"Tuesday","Jack",0.337300048035824,3.34667226423107
"61",2016-03-01,"Tuesday","Billy",0.43282942321664,3.36387446451217
"337",2016-03-01,"Tuesday","Fred",0.424046303236266,3.16393964228467
"521",2016-03-01,"Tuesday","Sam",0.496758363198348,3.02958903024139
"429",2016-03-01,"Tuesday","Bob",0.457828521846179,3.30362687620034
"705",2016-03-01,"Tuesday","Simon",0.42006773643189,3.19060354894202
"153",2016-03-01,"Tuesday","Joe",0.435944436492707,3.17299203890001
"889",2016-03-01,"Tuesday","Barry",0.376327568758733,3.24128122418052
"797",2016-03-01,"Tuesday","Brendan",0.389614815649598,3.2699572122967
"613",2016-03-01,"Tuesday","Luke",0.368731865464815,3.22014624052689
"798",2016-03-02,"Wednesday","Brendan",0.772537865998341,2.06897909445762
"614",2016-03-02,"Wednesday","Luke",0.644939888550864,2.0574569598468
"890",2016-03-02,"Wednesday","Barry",0.729155549034428,1.92792805959395
"430",2016-03-02,"Wednesday","Bob",0.672888976989412,2.06174201441298
"246",2016-03-02,"Wednesday","Jack",0.737093238965037,1.98569439337054
"706",2016-03-02,"Wednesday","Simon",0.716446794874952,2.12643083249221
"154",2016-03-02,"Wednesday","Joe",0.712582553451448,2.16197898775349
"522",2016-03-02,"Wednesday","Sam",0.745328071743204,1.91578626347855
"62",2016-03-02,"Wednesday","Billy",0.827449553535893,1.91244075258104
"338",2016-03-02,"Wednesday","Fred",0.70665888137923,1.94527867005159
"339",2016-03-03,"Thursday","Fred",0.62685677688359,2.03279960075145
"431",2016-03-03,"Thursday","Bob",0.637539935829046,1.91450696368812
"799",2016-03-03,"Thursday","Brendan",0.742074658907768,1.83289405347081
"707",2016-03-03,"Thursday","Simon",0.70976605000201,1.99659906347214
"615",2016-03-03,"Thursday","Luke",0.684410226996324,1.8754760112017
"247",2016-03-03,"Thursday","Jack",0.638854919250007,2.12985137262107
"523",2016-03-03,"Thursday","Sam",0.736826338571354,2.11482505953087
"63",2016-03-03,"Thursday","Billy",0.698261980509808,2.0121759998641
"891",2016-03-03,"Thursday","Barry",0.721001472364594,1.94099347695809
"155",2016-03-03,"Thursday","Joe",0.767863721807589,1.97858688263034
"156",2016-03-04,"Friday","Joe",0.72022342356393,1.9182217537075
"800",2016-03-04,"Friday","Brendan",0.656713108893531,2.07400483075226
"432",2016-03-04,"Friday","Bob",0.63599937016234,2.10645105184847
"708",2016-03-04,"Friday","Simon",0.703573130505608,1.96118309698721
"524",2016-03-04,"Friday","Sam",0.707331265202256,2.02528315359092
"616",2016-03-04,"Friday","Luke",0.734432825269182,2.02277188081434
"340",2016-03-04,"Friday","Fred",0.674679910976263,1.90667001679063
"248",2016-03-04,"Friday","Jack",0.604055293411894,2.00013135475559
"892",2016-03-04,"Friday","Barry",0.733943045428527,1.88303733821383
"64",2016-03-04,"Friday","Billy",0.666518321016902,2.1362130660845
"433",2016-03-05,"Saturday","Bob",0.748803360610481,3.07294814581037
"65",2016-03-05,"Saturday","Billy",0.799619762214451,2.97653789130773
"617",2016-03-05,"Saturday","Luke",0.871763593893368,2.94061979377313
"341",2016-03-05,"Saturday","Fred",0.876983161866877,3.06808108248002
"525",2016-03-05,"Saturday","Sam",0.81415603983695,3.00852871861245
"801",2016-03-05,"Saturday","Brendan",0.797006109664952,2.90758751008862
"157",2016-03-05,"Saturday","Joe",0.813218213491897,2.99459770759184
"249",2016-03-05,"Saturday","Jack",0.75950318050396,2.93235899243144
"709",2016-03-05,"Saturday","Simon",0.881746663044985,2.97395451680907
"893",2016-03-05,"Saturday","Barry",0.874123051258473,3.05914566460718
"618",2016-03-06,"Sunday","Luke",0.406945354910011,3.34288107857622
"526",2016-03-06,"Sunday","Sam",0.429463836038506,3.10663738694788
"250",2016-03-06,"Sunday","Jack",0.362766138560736,3.11518034031145
"802",2016-03-06,"Sunday","Brendan",0.400576557662488,3.1968311426689
"158",2016-03-06,"Sunday","Joe",0.413402195207185,3.23301416098579
"66",2016-03-06,"Sunday","Billy",0.488854222407171,3.09466171920569
"434",2016-03-06,"Sunday","Bob",0.330617471000597,3.26626565843581
"342",2016-03-06,"Sunday","Fred",0.408639680919365,3.08361175998136
"894",2016-03-06,"Sunday","Barry",0.328735798111907,3.13313610509983
"710",2016-03-06,"Sunday","Simon",0.416650353878965,3.11225654859129
"803",2016-03-07,"Monday","Brendan",0.413455572569589,3.00722070184798
"159",2016-03-07,"Monday","Joe",0.421846528851974,3.29553246146574
"435",2016-03-07,"Monday","Bob",0.397538944279694,3.16185927972958
"343",2016-03-07,"Monday","Fred",0.358208803796016,3.37554495098833
"67",2016-03-07,"Monday","Billy",0.343069613162455,3.11302163943641
"251",2016-03-07,"Monday","Jack",0.36962470386534,3.16530588995926
"895",2016-03-07,"Monday","Barry",0.448498749032504,3.51679376472165
"711",2016-03-07,"Monday","Simon",0.470090631144008,3.32927514305067
"527",2016-03-07,"Monday","Sam",0.410792473828852,3.14431803938404
"619",2016-03-07,"Monday","Luke",0.396347380678913,3.27048980689941
"160",2016-03-08,"Tuesday","Joe",0.453006195274368,3.31439598777924
"344",2016-03-08,"Tuesday","Fred",0.36720356480602,3.34496373642549
"528",2016-03-08,"Tuesday","Sam",0.407752661743716,3.09836296805792
"804",2016-03-08,"Tuesday","Brendan",0.37359197470383,3.22143030296783
"252",2016-03-08,"Tuesday","Jack",0.480337978303247,3.22274794430271
"712",2016-03-08,"Tuesday","Simon",0.422550851043008,3.21651878536076
"436",2016-03-08,"Tuesday","Bob",0.490548036524157,3.28458917777936
"896",2016-03-08,"Tuesday","Barry",0.386726711606906,3.30130394173581
"68",2016-03-08,"Tuesday","Billy",0.468391358971163,3.16098729703529
"620",2016-03-08,"Tuesday","Luke",0.38988320309441,3.02748660905999
"529",2016-03-09,"Wednesday","Sam",0.747691331815193,2.00535252498211
"69",2016-03-09,"Wednesday","Billy",0.766478239539118,1.91526499268704
"621",2016-03-09,"Wednesday","Luke",0.747689966787108,2.0919284781933
"805",2016-03-09,"Wednesday","Brendan",0.669146307931664,1.8994961134493
"897",2016-03-09,"Wednesday","Barry",0.659844722465741,1.98340126803486
"713",2016-03-09,"Wednesday","Simon",0.724366179786997,1.93967929242885
"253",2016-03-09,"Wednesday","Jack",0.781779972314181,1.99725985963889
"437",2016-03-09,"Wednesday","Bob",0.695024496714587,2.01115918844458
"161",2016-03-09,"Wednesday","Joe",0.722609519826436,2.01005223983751
"345",2016-03-09,"Wednesday","Fred",0.752878304326766,1.95512050587889
"70",2016-03-10,"Thursday","Billy",0.716823639860191,1.97393606079006
"806",2016-03-10,"Thursday","Brendan",0.686881374248916,1.78210465077102
"714",2016-03-10,"Thursday","Simon",0.673013127244423,2.03986039008015
"346",2016-03-10,"Thursday","Fred",0.717304174493268,2.01400672889305
"530",2016-03-10,"Thursday","Sam",0.691707364876035,2.07651336061473
"622",2016-03-10,"Thursday","Luke",0.645940327627898,2.02177409267782
"162",2016-03-10,"Thursday","Joe",0.733159930784353,2.11645752456574
"898",2016-03-10,"Thursday","Barry",0.611148294904202,2.00024164722676
"254",2016-03-10,"Thursday","Jack",0.736304554834925,2.0200877790585
"438",2016-03-10,"Thursday","Bob",0.738861856214869,1.9932229738344
"715",2016-03-11,"Friday","Simon",0.834545370787716,2.08589521254587
"347",2016-03-11,"Friday","Fred",0.655140672900315,1.96263496718224
"163",2016-03-11,"Friday","Joe",0.643181322300458,1.92357400522009
"71",2016-03-11,"Friday","Billy",0.700344641922098,1.95855802936581
"255",2016-03-11,"Friday","Jack",0.636308253747827,2.01989426718228
"899",2016-03-11,"Friday","Barry",0.657548155418717,1.92826980168256
"531",2016-03-11,"Friday","Sam",0.712750187278548,2.02991948153815
"807",2016-03-11,"Friday","Brendan",0.745617358550272,1.83274508694451
"439",2016-03-11,"Friday","Bob",0.644870183740999,2.14870980965183
"623",2016-03-11,"Friday","Luke",0.712500935227566,1.94386752381008
"164",2016-03-12,"Saturday","Joe",0.781475124145394,2.76554865953097
"808",2016-03-12,"Saturday","Brendan",0.856180529344283,2.8579277864449
"256",2016-03-12,"Saturday","Jack",0.801157327771667,3.07145993560837
"624",2016-03-12,"Saturday","Luke",0.851081099028591,2.96444143721852
"716",2016-03-12,"Saturday","Simon",0.797009196215534,2.95780875314306
"72",2016-03-12,"Saturday","Billy",0.777226563091929,2.98169492022806
"532",2016-03-12,"Saturday","Sam",0.755126382032267,2.93823842517868
"348",2016-03-12,"Saturday","Fred",0.800313260562782,2.87935658827619
"900",2016-03-12,"Saturday","Barry",0.785026089042699,3.0281338028308
"440",2016-03-12,"Saturday","Bob",0.78891776086491,3.07572233766462
"441",2016-03-13,"Sunday","Bob",0.428304748129795,2.91259575066013
"717",2016-03-13,"Sunday","Simon",0.375126206606979,3.16945111105703
"533",2016-03-13,"Sunday","Sam",0.479198505235139,3.25527873135743
"73",2016-03-13,"Sunday","Billy",0.381673803356303,3.24070560978806
"625",2016-03-13,"Sunday","Luke",0.453092575556683,3.07278578333883
"349",2016-03-13,"Sunday","Fred",0.429833525453787,2.9338654025059
"257",2016-03-13,"Sunday","Jack",0.424356061691324,3.17268182251102
"809",2016-03-13,"Sunday","Brendan",0.369824014315873,3.25505316387784
"165",2016-03-13,"Sunday","Joe",0.473848479489624,3.15283165744705
"901",2016-03-13,"Sunday","Barry",0.302987776040507,3.20072818971136
"442",2016-03-14,"Monday","Bob",0.382252032737247,3.15734575509225
"810",2016-03-14,"Monday","Brendan",0.402766169681918,3.23104331769168
"258",2016-03-14,"Monday","Jack",0.393148624836513,3.36353474579317
"626",2016-03-14,"Monday","Luke",0.420853510503638,3.23861968516539
"74",2016-03-14,"Monday","Billy",0.432414328375157,3.26246331282021
"350",2016-03-14,"Monday","Fred",0.486127590397201,3.19749055067344
"718",2016-03-14,"Monday","Simon",0.419120857495982,3.19408119854915
"902",2016-03-14,"Monday","Barry",0.381998360618308,3.02702997735917
"166",2016-03-14,"Monday","Joe",0.338804812474312,3.14841445104926
"534",2016-03-14,"Monday","Sam",0.469637931408298,3.2387908498869
"167",2016-03-15,"Tuesday","Joe",0.412903419369805,2.96839638484974
"535",2016-03-15,"Tuesday","Sam",0.309387088413554,3.28432109422504
"719",2016-03-15,"Tuesday","Simon",0.420459008921896,2.99981278120476
"351",2016-03-15,"Tuesday","Fred",0.355912525829533,3.19656267427509
"903",2016-03-15,"Tuesday","Barry",0.425505309358491,3.01565263835908
"75",2016-03-15,"Tuesday","Billy",0.503513543066547,3.36782057437047
"811",2016-03-15,"Tuesday","Brendan",0.34996707835576,3.2685073912962
"259",2016-03-15,"Tuesday","Jack",0.4085872741228,3.24376938864796
"443",2016-03-15,"Tuesday","Bob",0.439263130073402,3.0512593704368
"627",2016-03-15,"Tuesday","Luke",0.341881692431501,3.03614768619857
"628",2016-03-16,"Wednesday","Luke",0.658945763509267,1.98597372227289
"168",2016-03-16,"Wednesday","Joe",0.720250140271676,2.05624717569695
"904",2016-03-16,"Wednesday","Barry",0.635101479073518,2.06012030314103
"812",2016-03-16,"Wednesday","Brendan",0.662091058543039,1.94680895091832
"76",2016-03-16,"Wednesday","Billy",0.692330079376651,1.9931306346435
"536",2016-03-16,"Wednesday","Sam",0.689184016070527,1.95593724136634
"720",2016-03-16,"Wednesday","Simon",0.736187296139448,2.01554364213574
"260",2016-03-16,"Wednesday","Jack",0.652760304255001,1.88064641492509
"444",2016-03-16,"Wednesday","Bob",0.73470236892997,2.05887916457109
"352",2016-03-16,"Wednesday","Fred",0.681002702241657,2.16423590390448
"77",2016-03-17,"Thursday","Billy",0.630464952664925,1.96791600873418
"721",2016-03-17,"Thursday","Simon",0.654253771281377,2.00425622275157
"261",2016-03-17,"Thursday","Jack",0.635618984699689,1.97233501958008
"353",2016-03-17,"Thursday","Fred",0.749805500793688,1.80045378524612
"445",2016-03-17,"Thursday","Bob",0.668363505220752,1.95574004892242
"813",2016-03-17,"Thursday","Brendan",0.669428209274737,2.01817854598633
"629",2016-03-17,"Thursday","Luke",0.66397558711423,2.0455175607837
"537",2016-03-17,"Thursday","Sam",0.727492802835544,1.88206346267473
"169",2016-03-17,"Thursday","Joe",0.748790166090472,1.92162248605776
"905",2016-03-17,"Thursday","Barry",0.699757629882603,1.76820624291834
"722",2016-03-18,"Friday","Simon",0.693140745424022,1.97379608012058
"262",2016-03-18,"Friday","Jack",0.770388286937551,2.05158830505351
"78",2016-03-18,"Friday","Billy",0.663820911144492,2.14710057170489
"446",2016-03-18,"Friday","Bob",0.661402067901935,2.09013048023202
"170",2016-03-18,"Friday","Joe",0.682556163173004,1.97739460137718
"538",2016-03-18,"Friday","Sam",0.724136811875879,1.99154309346412
"354",2016-03-18,"Friday","Fred",0.677043955352808,1.93378292413976
"906",2016-03-18,"Friday","Barry",0.632757388255552,1.96196879262804
"814",2016-03-18,"Friday","Brendan",0.634163886839603,2.04115961777964
"630",2016-03-18,"Friday","Luke",0.627836401565151,2.00833833619951
"79",2016-03-19,"Saturday","Billy",0.812913088108393,3.17043293978271
"815",2016-03-19,"Saturday","Brendan",0.699629249139142,2.99149409510417
"631",2016-03-19,"Saturday","Luke",0.802001016722171,3.08591733223104
"539",2016-03-19,"Saturday","Sam",0.838042436447504,3.03027776950526
"447",2016-03-19,"Saturday","Bob",0.917890869380055,3.04678283403677
"263",2016-03-19,"Saturday","Jack",0.813368634452658,2.95889446679137
"723",2016-03-19,"Saturday","Simon",0.878714663893667,2.89788067416777
"171",2016-03-19,"Saturday","Joe",0.807931271974563,2.8412897012346
"907",2016-03-19,"Saturday","Barry",0.797415790738442,3.16551649001916
"355",2016-03-19,"Saturday","Fred",0.873013287310628,3.088003799231
"172",2016-03-20,"Sunday","Joe",0.311837246672942,3.25475242018683
"356",2016-03-20,"Sunday","Fred",0.452162308847518,3.23423874200016
"816",2016-03-20,"Sunday","Brendan",0.438400106376457,3.08932937964639
"540",2016-03-20,"Sunday","Sam",0.377717099153299,3.35590937311244
"264",2016-03-20,"Sunday","Jack",0.379580117892699,3.23449950494726
"80",2016-03-20,"Sunday","Billy",0.38414704425194,3.20432440375575
"908",2016-03-20,"Sunday","Barry",0.444742489667954,3.03371449509845
"632",2016-03-20,"Sunday","Luke",0.46114733419834,3.20505481045557
"448",2016-03-20,"Sunday","Bob",0.39037253318201,3.2022040318667
"724",2016-03-20,"Sunday","Simon",0.375854114847862,3.30653571034349
"81",2016-03-21,"Monday","Billy",0.391110502116785,3.16673426808665
"725",2016-03-21,"Monday","Simon",0.382190474344472,3.15424091621245
"173",2016-03-21,"Monday","Joe",0.416929802354995,3.38912270173555
"817",2016-03-21,"Monday","Brendan",0.420288065675211,3.312913359574
"357",2016-03-21,"Monday","Fred",0.317047951482658,3.21217538555238
"909",2016-03-21,"Monday","Barry",0.291005886360291,3.22947296657816
"633",2016-03-21,"Monday","Luke",0.277665304168514,3.43089441042271
"265",2016-03-21,"Monday","Jack",0.416263560995847,3.24343958608311
"449",2016-03-21,"Monday","Bob",0.40033096671071,3.19148921682044
"541",2016-03-21,"Monday","Sam",0.339733329018824,3.19303374726948
"174",2016-03-22,"Tuesday","Joe",0.366671748522036,3.1121922889776
"910",2016-03-22,"Tuesday","Barry",0.51532082161336,3.35699014391934
"818",2016-03-22,"Tuesday","Brendan",0.358414206054198,3.36680156243741
"358",2016-03-22,"Tuesday","Fred",0.42119788881137,3.13792389654882
"82",2016-03-22,"Tuesday","Billy",0.391500296157273,3.01777645824369
"726",2016-03-22,"Tuesday","Simon",0.430511113711129,3.21353039128793
"266",2016-03-22,"Tuesday","Jack",0.503124048655968,3.3303477683005
"542",2016-03-22,"Tuesday","Sam",0.415073336988236,3.24270394144678
"634",2016-03-22,"Tuesday","Luke",0.437919394599076,3.11405368252637
"450",2016-03-22,"Tuesday","Bob",0.397272698768632,3.16387328573465
"267",2016-03-23,"Wednesday","Jack",0.718133347783197,1.93483040892669
"911",2016-03-23,"Wednesday","Barry",0.641612482222453,2.0511946896762
"451",2016-03-23,"Wednesday","Bob",0.671589655972981,2.01995065015373
"83",2016-03-23,"Wednesday","Billy",0.631384905706165,2.14112623987468
"635",2016-03-23,"Wednesday","Luke",0.689866917293825,2.15391161686661
"175",2016-03-23,"Wednesday","Joe",0.688067668783618,1.98874410889552
"359",2016-03-23,"Wednesday","Fred",0.629041853690738,2.0200945267574
"543",2016-03-23,"Wednesday","Sam",0.623042738820218,1.99167368017238
"819",2016-03-23,"Wednesday","Brendan",0.747903788655614,2.20191029259395
"727",2016-03-23,"Wednesday","Simon",0.669698242631648,2.21127875957013
"268",2016-03-24,"Thursday","Jack",0.770570232235195,1.9983119137672
"84",2016-03-24,"Thursday","Billy",0.691310641479298,1.91624175659231
"176",2016-03-24,"Thursday","Joe",0.64061173587714,2.1948713064976
"820",2016-03-24,"Thursday","Brendan",0.790535962571921,2.08925480355724
"912",2016-03-24,"Thursday","Barry",0.747021485933658,2.12859024010639
"452",2016-03-24,"Thursday","Bob",0.653651202815168,1.88917457452997
"728",2016-03-24,"Thursday","Simon",0.756725600169863,1.94081663046136
"360",2016-03-24,"Thursday","Fred",0.626765377166466,1.97640946519767
"544",2016-03-24,"Thursday","Sam",0.731768536174681,2.21563977407618
"636",2016-03-24,"Thursday","Luke",0.661543307640249,1.83855338226511
"637",2016-03-25,"Friday","Luke",0.73850044057053,1.89226835416907
"269",2016-03-25,"Friday","Jack",0.768377215728771,1.94323075447064
"821",2016-03-25,"Friday","Brendan",0.57249927575861,1.98127953167922
"361",2016-03-25,"Friday","Fred",0.703521048607392,2.01136611149702
"913",2016-03-25,"Friday","Barry",0.803955079803094,1.90324852464403
"453",2016-03-25,"Friday","Bob",0.643213240930965,2.06727940704864
"729",2016-03-25,"Friday","Simon",0.721123414446365,1.93312621059542
"177",2016-03-25,"Friday","Joe",0.719246766088429,2.09338163322077
"85",2016-03-25,"Friday","Billy",0.742511612856094,1.88762372056047
"545",2016-03-25,"Friday","Sam",0.735147588737758,2.13379680593824
"914",2016-03-26,"Saturday","Barry",0.752808798836333,3.06323893545067
"270",2016-03-26,"Saturday","Jack",0.779641192643923,2.88728671302367
"822",2016-03-26,"Saturday","Brendan",0.857512754035871,2.98723025843893
"454",2016-03-26,"Saturday","Bob",0.845698116952723,2.96058863666264
"178",2016-03-26,"Saturday","Joe",0.833328975782724,3.1913059421697
"638",2016-03-26,"Saturday","Luke",0.832419257941977,2.90986394529512
"362",2016-03-26,"Saturday","Fred",0.802834911099014,2.94220708047122
"86",2016-03-26,"Saturday","Billy",0.834880435583413,3.30437658860953
"730",2016-03-26,"Saturday","Simon",0.804477485570357,3.01538787409315
"546",2016-03-26,"Saturday","Sam",0.704705856769133,2.97676955526048
"547",2016-03-27,"Sunday","Sam",0.446946072477812,3.18725959100526
"87",2016-03-27,"Sunday","Billy",0.427499867554555,3.22350213082507
"179",2016-03-27,"Sunday","Joe",0.384769305527113,3.19947659420681
"915",2016-03-27,"Sunday","Barry",0.366227292743682,3.21830786676463
"823",2016-03-27,"Sunday","Brendan",0.461394682721038,3.16946698603419
"363",2016-03-27,"Sunday","Fred",0.398364591136721,3.31885648858383
"455",2016-03-27,"Sunday","Bob",0.350696858333856,3.1256032414415
"271",2016-03-27,"Sunday","Jack",0.438127086544293,3.0151029688821
"731",2016-03-27,"Sunday","Simon",0.320414300301819,3.17146083884007
"639",2016-03-27,"Sunday","Luke",0.404810868930943,3.04788876388371
"916",2016-03-28,"Monday","Barry",0.451082516399871,3.33501161169237
"456",2016-03-28,"Monday","Bob",0.433374270674482,3.16738865232166
"732",2016-03-28,"Monday","Simon",0.382641649287849,3.1507303560799
"272",2016-03-28,"Monday","Jack",0.367439958848414,3.21955290551819
"88",2016-03-28,"Monday","Billy",0.379863401227619,3.19667413898867
"548",2016-03-28,"Monday","Sam",0.38877539472521,3.19783145957282
"364",2016-03-28,"Monday","Fred",0.463214061203319,3.30599362781215
"640",2016-03-28,"Monday","Luke",0.354017832341532,3.34846938450678
"180",2016-03-28,"Monday","Joe",0.491250553204315,3.18477399510784
"824",2016-03-28,"Monday","Brendan",0.407605158134191,3.17371331621437
"733",2016-03-29,"Tuesday","Simon",0.501714799221267,3.24097715393881
"641",2016-03-29,"Tuesday","Luke",0.364756911138104,3.303370332013
"89",2016-03-29,"Tuesday","Billy",0.390420311476076,2.92677804770442
"273",2016-03-29,"Tuesday","Jack",0.326317211026584,3.26015652251956
"549",2016-03-29,"Tuesday","Sam",0.366309161230603,3.21132540843846
"825",2016-03-29,"Tuesday","Brendan",0.373845809540631,3.19485313555737
"917",2016-03-29,"Tuesday","Barry",0.359124828466651,3.44873276714443
"457",2016-03-29,"Tuesday","Bob",0.470329774485331,3.38746688268145
"181",2016-03-29,"Tuesday","Joe",0.433527968528379,3.14903683428209
"365",2016-03-29,"Tuesday","Fred",0.414749394286512,3.33367582108647
"458",2016-03-30,"Wednesday","Bob",0.757888948005894,1.82420008546533
"550",2016-03-30,"Wednesday","Sam",0.722289372240283,1.94349045895075
"90",2016-03-30,"Wednesday","Billy",0.640273606019874,1.99002094115581
"918",2016-03-30,"Wednesday","Barry",0.652143963299451,2.01146616970815
"366",2016-03-30,"Wednesday","Fred",0.666345658974775,1.96328308288698
"734",2016-03-30,"Wednesday","Simon",0.685704742220387,2.02293564507869
"826",2016-03-30,"Wednesday","Brendan",0.644920331782708,1.8027336640266
"274",2016-03-30,"Wednesday","Jack",0.639916710179744,2.06391581597899
"642",2016-03-30,"Wednesday","Luke",0.619138296886121,2.13712664984236
"182",2016-03-30,"Wednesday","Joe",0.747431628662758,2.14345737034261
"367",2016-03-31,"Thursday","Fred",0.705979414574548,1.96956632952216
"183",2016-03-31,"Thursday","Joe",0.802470150083545,1.8714161467667
"643",2016-03-31,"Thursday","Luke",0.794044695418349,1.93910785585423
"275",2016-03-31,"Thursday","Jack",0.692563976093495,1.86100071825379
"551",2016-03-31,"Thursday","Sam",0.76403085534493,2.00807003872445
"827",2016-03-31,"Thursday","Brendan",0.656013485929351,2.00112282503851
"919",2016-03-31,"Thursday","Barry",0.779055963991335,2.1095740364004
"735",2016-03-31,"Thursday","Simon",0.73271893914911,1.89253743666827
"459",2016-03-31,"Thursday","Bob",0.693062340121323,1.96511390900351
"91",2016-03-31,"Thursday","Billy",0.697342059062834,2.09760317349224
"828",2016-04-01,"Friday","Brendan",0.668164987112295,2.02353448572938
"460",2016-04-01,"Friday","Bob",0.673033907451993,2.01065892291184
"276",2016-04-01,"Friday","Jack",0.789853121427615,1.88703221466024
"736",2016-04-01,"Friday","Simon",0.653762619151526,1.86192491455615
"920",2016-04-01,"Friday","Barry",0.788322140074369,1.9597290128807
"368",2016-04-01,"Friday","Fred",0.674280174550435,1.96497203757643
"184",2016-04-01,"Friday","Joe",0.667444319538123,2.0307314215255
"644",2016-04-01,"Friday","Luke",0.692220281957619,2.00855970933091
"92",2016-04-01,"Friday","Billy",0.712759800049792,2.04138689154511
"552",2016-04-01,"Friday","Sam",0.778256506712561,1.93042285934111
